Time_us,Ticks,PWM
7,0,0
1842,0,0
3581,0,0
5308,0,0
7039,0,0
8767,0,0
10501,0,0
12227,0,0
13959,0,0
15685,0,0
17417,0,0
19144,0,0
20875,0,0
22606,0,0
24344,0,0
26070,0,0
27802,0,0
29533,0,0
31265,0,0
32991,0,0
34727,0,0
36458,0,0
38193,0,0
39920,0,0
41651,0,0
43378,0,0
45110,0,0
46836,0,0
48570,0,0
50298,0,0
52031,0,0
53758,0,0
55492,0,0
57219,0,0
58950,0,0
60677,0,0
62411,0,0
64137,0,0
65869,0,0
67598,0,0
69332,0,0
71061,0,0
72793,0,0
74526,0,0
76258,0,0
77984,0,0
79720,0,0
81452,0,0
83188,0,0
84914,0,0
86646,0,0
88376,0,0
90107,0,0
91834,0,0
93569,0,0
95298,0,0
97031,0,0
98758,0,0
100492,0,0
102220,0,0
103952,0,0
105680,0,0
107414,0,0
109141,0,0
110873,0,0
112604,0,0
114344,0,0
116071,0,0
117803,0,0
119534,0,0
121267,0,0
122994,0,0
124730,0,0
126462,0,0
128199,0,0
129926,0,0
131659,0,0
133386,0,0
135119,0,0
136846,0,0
138584,0,0
140314,0,0
142046,0,0
143774,0,0
145514,0,0
147242,0,0
148974,0,0
150704,0,0
152438,0,0
154170,0,0
155902,0,0
157631,0,0
159365,0,0
161093,0,0
162825,0,0
164557,0,0
166290,0,0
168018,0,0
169752,0,0
171488,0,0
173220,0,0
174948,0,0
176680,0,0
178411,0,0
180144,0,0
181871,0,0
183609,0,0
185341,0,0
187074,0,0
188801,0,0
190537,0,0
192265,0,0
193997,0,0
195729,0,0
197465,0,0
199197,0,0
200929,0,0
202657,0,0
204390,0,0
206118,0,0
207850,0,0
209583,0,0
211319,0,0
213047,0,0
214783,0,0
216519,0,0
218251,0,0
219979,0,0
221716,0,0
223449,0,0
225186,0,0
226913,0,0
228646,0,0
230377,0,0
232109,0,0
233837,0,0
235571,0,0
237300,0,0
239033,0,0
240765,0,0
242503,0,0
244231,0,0
245964,0,0
247695,0,0
249427,0,0
251155,0,0
252887,0,0
254615,0,0
256348,0,0
258076,0,0
259808,0,0
261540,0,0
263272,0,0
265000,0,0
266737,0,0
268468,0,0
270203,0,0
271931,0,0
273663,0,0
275392,0,0
277125,0,0
278852,0,0
280591,0,0
282322,0,0
284055,0,0
285786,0,0
287525,0,0
289253,0,0
290985,0,0
292717,0,0
294454,0,0
296186,0,0
297919,0,0
299647,0,0
301380,0,0
303107,0,0
304840,0,0
306571,0,0
308305,0,0
310034,0,0
311768,0,0
313502,0,0
315234,0,0
316962,0,0
318698,0,0
320426,0,0
322158,0,0
323886,0,0
325618,0,0
327347,0,0
329079,0,0
330807,0,0
332544,0,0
334272,0,0
336004,0,0
337736,0,0
339473,0,0
341205,0,0
342937,0,0
344665,0,0
346400,0,0
348127,0,0
349860,0,0
351593,0,0
353327,0,0
355059,0,0
356794,0,0
358527,0,0
360259,0,0
361987,0,0
363724,0,0
365456,0,0
367192,0,0
368920,0,0
370652,0,0
372380,0,0
374112,0,0
375840,0,0
377573,0,0
379303,0,0
381037,0,0
382767,0,0
384502,0,0
386230,0,0
387963,0,0
389694,0,0
391426,0,0
393154,0,0
394886,0,0
396614,0,0
398348,0,0
400075,0,0
401808,0,0
403539,0,0
405272,0,0
406999,0,0
408736,0,0
410468,0,0
412204,0,0
413931,0,0
415664,0,0
417393,0,0
419125,0,0
420853,0,0
422592,0,0
424322,0,0
426056,0,0
427787,0,0
429526,0,0
431254,0,0
432986,0,0
434718,0,0
436455,0,0
438187,0,0
439919,0,0
441647,0,0
443380,0,0
445107,0,0
446840,0,0
448571,0,0
450305,0,0
452034,0,0
453768,0,0
455502,0,0
457234,0,0
458962,0,0
460698,0,0
462426,0,0
464158,0,0
465886,0,0
467618,0,0
469347,0,0
471079,0,0
472807,0,0
474544,0,0
476272,0,0
478004,0,0
479737,0,0
481473,0,0
483205,0,0
484937,0,0
486665,0,0
488400,0,0
490127,0,0
491860,0,0
493593,0,0
495327,0,0
497059,0,0
498794,0,0
500527,0,400
502262,0,400
503992,0,400
505731,0,400
507465,-1,400
509205,-1,400
510936,-1,400
512672,-2,400
514404,-3,400
516139,-3,400
517870,-4,400
519610,-5,400
521346,-6,400
523081,-7,400
524812,-8,400
526553,-9,400
528283,-10,400
530021,-11,400
531756,-12,400
533497,-14,400
535230,-15,400
536966,-16,400
538702,-18,400
540440,-19,400
542176,-20,400
543913,-22,400
545649,-24,400
547386,-25,400
549118,-27,400
550855,-28,400
552592,-30,400
554332,-32,400
556067,-33,400
557804,-35,400
559540,-37,400
561277,-39,400
563009,-40,400
564750,-42,400
566491,-44,400
568228,-46,400
569960,-48,400
571700,-50,400
573433,-52,400
575174,-54,400
576906,-56,400
578645,-58,400
580381,-60,400
582118,-62,400
583850,-64,400
585592,-66,400
587329,-68,400
589068,-70,400
590804,-72,400
592546,-74,400
594278,-76,400
596015,-78,400
597752,-80,400
599495,-83,400
601228,-85,400
602965,-87,400
604700,-89,400
606438,-91,400
608175,-93,400
609912,-96,400
611646,-98,400
613384,-100,400
615117,-102,400
616855,-104,400
618593,-107,400
620334,-109,400
622067,-111,400
623805,-113,400
625543,-115,400
627280,-118,400
629014,-120,400
630755,-122,400
632495,-124,400
634233,-127,400
635966,-129,400
637706,-131,400
639440,-134,400
641181,-136,400
642914,-138,400
644653,-140,400
646386,-143,400
648124,-145,400
649857,-147,400
651600,-150,400
653336,-152,400
655075,-154,400
656808,-156,400
658550,-159,400
660283,-161,400
662022,-163,400
663758,-166,400
665500,-168,400
667233,-170,400
668971,-173,400
670706,-175,400
672450,-177,400
674188,-180,400
675926,-182,400
677659,-184,400
679398,-186,400
681131,-189,400
682869,-191,400
684604,-194,400
686346,-196,400
688079,-198,400
689817,-201,400
691555,-203,400
693294,-205,400
695027,-208,400
696765,-210,400
698505,-212,400
700243,-215,400
701976,-217,400
703718,-219,400
705457,-222,400
707199,-224,400
708932,-227,400
710669,-229,400
712405,-231,400
714143,-234,400
715876,-236,400
717616,-238,400
719351,-241,400
721089,-243,400
722822,-245,400
724563,-248,400
726297,-250,400
728036,-252,400
729771,-255,400
731513,-257,400
733246,-259,400
734984,-262,400
736722,-264,400
738464,-266,400
740201,-269,400
741939,-271,400
743672,-274,400
745412,-276,400
747145,-278,400
748883,-281,400
750617,-283,400
752358,-285,400
754091,-288,400
755829,-290,400
757566,-293,400
759305,-295,400
761040,-297,400
762780,-300,400
764521,-302,400
766258,-305,400
767992,-307,400
769733,-309,400
771471,-312,400
773214,-314,400
774947,-316,400
776685,-319,400
778419,-321,400
780157,-324,400
781890,-326,400
783628,-328,400
785362,-331,400
787099,-333,400
788833,-336,400
790574,-338,400
792309,-340,400
794048,-343,400
795781,-345,400
797527,-348,400
799260,-350,400
800998,-352,400
802735,-355,400
804477,-357,400
806215,-360,400
807952,-362,400
809686,-364,400
811424,-367,400
813157,-369,400
814895,-371,400
816628,-374,400
818367,-376,400
820100,-379,400
821838,-381,400
823575,-383,400
825314,-386,400
827047,-388,400
828789,-390,400
830529,-393,400
832267,-395,400
834000,-398,400
835742,-400,400
837483,-402,400
839220,-405,400
840953,-407,400
842691,-409,400
844425,-412,400
846163,-414,400
847896,-417,400
849634,-419,400
851369,-421,400
853106,-424,400
854840,-426,400
856579,-429,400
858313,-431,400
860051,-433,400
861788,-436,400
863533,-438,400
865266,-440,400
867004,-443,400
868741,-445,400
870487,-448,400
872221,-450,400
873958,-452,400
875691,-455,400
877429,-457,400
879162,-460,400
880900,-462,400
882634,-464,400
884373,-467,400
886106,-469,400
887844,-471,400
889579,-474,400
891318,-476,400
893051,-479,400
894793,-481,400
896532,-483,400
898270,-486,400
900003,-488,400
901745,-491,400
903487,-493,400
905225,-495,400
906958,-498,400
908700,-500,400
910433,-502,400
912175,-505,400
913908,-507,400
915649,-510,400
917383,-512,400
919121,-514,400
920854,-517,400
922599,-519,400
924336,-521,400
926074,-524,400
927807,-526,400
929550,-529,400
931283,-531,400
933021,-533,400
934758,-536,400
936500,-538,400
938233,-541,400
939971,-543,400
941706,-545,400
943452,-548,400
945190,-550,400
946928,-552,400
948661,-555,400
950402,-557,400
952135,-560,400
953873,-562,400
955610,-564,400
957349,-567,400
959082,-569,400
960820,-572,400
962559,-574,400
964298,-576,400
966032,-579,400
967772,-581,400
969510,-583,400
971247,-586,400
972980,-588,400
974723,-591,400
976460,-593,400
978202,-595,400
979935,-598,400
981673,-600,400
983408,-602,400
985146,-605,400
986879,-607,400
988618,-610,400
990352,-612,400
992090,-614,400
993823,-617,400
995564,-619,400
997298,-622,400
999037,-624,400
1000773,-626,400
1002516,-629,400
1004250,-631,400
1005989,-634,400
1007727,-636,400
1009470,-638,400
1011208,-641,400
1012947,-643,400
1014681,-645,400
1016421,-648,400
1018155,-650,400
1019893,-653,400
1021627,-655,400
1023367,-657,400
1025101,-660,400
1026840,-662,400
1028578,-665,400
1030318,-667,400
1032052,-669,400
1033794,-672,400
1035535,-674,400
1037273,-676,400
1039007,-679,400
1040750,-681,400
1042492,-684,400
1044231,-686,400
1045965,-688,400
1047706,-691,400
1049441,-693,400
1051183,-696,400
1052917,-698,400
1054656,-700,400
1056390,-703,400
1058129,-705,400
1059863,-708,400
1061605,-710,400
1063343,-712,400
1065082,-715,400
1066816,-717,400
1068561,-720,400
1070295,-722,400
1072035,-724,400
1073771,-727,400
1075514,-729,400
1077248,-732,400
1078987,-734,400
1080725,-736,400
1082468,-739,400
1084206,-741,400
1085945,-744,400
1087679,-746,400
1089420,-748,400
1091154,-751,400
1092893,-753,400
1094627,-756,400
1096367,-758,400
1098101,-760,400
1099839,-763,400
1101577,-765,400
1103318,-768,400
1105052,-770,400
1106794,-772,400
1108535,-775,400
1110273,-777,400
1112007,-780,400
1113750,-782,400
1115492,-784,400
1117231,-787,400
1118965,-789,400
1120706,-792,400
1122441,-794,400
1124185,-796,400
1125919,-799,400
1127657,-801,400
1129391,-804,400
1131130,-806,400
1132864,-808,400
1134605,-811,400
1136343,-813,400
1138082,-816,400
1139816,-818,400
1141561,-820,400
1143295,-823,400
1145035,-825,400
1146771,-828,400
1148514,-830,400
1150248,-832,400
1151987,-835,400
1153725,-837,400
1155468,-840,400
1157206,-842,400
1158945,-844,400
1160679,-847,400
1162420,-849,400
1164154,-852,400
1165893,-854,400
1167627,-856,400
1169367,-859,400
1171101,-861,400
1172839,-863,400
1174577,-866,400
1176318,-868,400
1178052,-871,400
1179794,-873,400
1181535,-875,400
1183273,-878,400
1185007,-880,400
1186750,-883,400
1188492,-885,400
1190231,-887,400
1191965,-890,400
1193706,-892,400
1195441,-895,400
1197183,-897,400
1198917,-899,400
1200656,-902,400
1202390,-904,400
1204129,-906,400
1205863,-909,400
1207605,-911,400
1209343,-914,400
1211082,-916,400
1212816,-918,400
1214561,-921,400
1216295,-923,400
1218035,-926,400
1219771,-928,400
1221514,-930,400
1223249,-933,400
1224987,-935,400
1226726,-938,400
1228468,-940,400
1230206,-942,400
1231947,-945,400
1233681,-947,400
1235421,-950,400
1237155,-952,400
1238893,-954,400
1240627,-957,400
1242367,-959,400
1244101,-961,400
1245840,-964,400
1247578,-966,400
1249318,-969,400
1251052,-971,400
1252795,-973,400
1254535,-976,400
1256273,-978,400
1258007,-981,400
1259750,-983,400
1261492,-985,400
1263231,-988,400
1264965,-990,400
1266706,-993,400
1268441,-995,400
1270184,-997,400
1271918,-1000,400
1273658,-1002,400
1275393,-1004,400
1277132,-1007,400
1278867,-1009,400
1280611,-1012,400
1282349,-1014,400
1284089,-1016,400
1285824,-1019,400
1287567,-1021,400
1289303,-1024,400
1291044,-1026,400
1292779,-1028,400
1294527,-1031,400
1296262,-1033,400
1298002,-1036,400
1299741,-1038,400
1301489,-1040,400
1303224,-1043,400
1304964,-1045,400
1306702,-1048,400
1308443,-1050,400
1310182,-1052,400
1311921,-1055,400
1313657,-1057,400
1315397,-1059,400
1317132,-1062,400
1318871,-1064,400
1320611,-1067,400
1322352,-1069,400
1324087,-1071,400
1325827,-1074,400
1327565,-1076,400
1329307,-1079,400
1331043,-1081,400
1332782,-1083,400
1334525,-1086,400
1336265,-1088,400
1338000,-1091,400
1339744,-1093,400
1341487,-1095,400
1343227,-1098,400
1344962,-1100,400
1346705,-1103,400
1348441,-1105,400
1350185,-1107,400
1351920,-1110,400
1353659,-1112,400
1355395,-1115,400
1357134,-1117,400
1358869,-1120,400
1360611,-1122,400
1362349,-1124,400
1364089,-1127,400
1365824,-1129,400
1367567,-1132,400
1369303,-1134,400
1371044,-1136,400
1372779,-1139,400
1374527,-1141,400
1376262,-1144,400
1378001,-1146,400
1379740,-1148,400
1381489,-1151,400
1383224,-1153,400
1384963,-1156,400
1386702,-1158,400
1388442,-1160,400
1390180,-1163,400
1391920,-1165,400
1393655,-1168,400
1395395,-1170,400
1397130,-1172,400
1398870,-1175,400
1400611,-1177,400
1402352,-1180,400
1404087,-1182,400
1405827,-1184,400
1407565,-1187,400
1409307,-1189,400
1411043,-1192,400
1412782,-1194,400
1414525,-1196,400
1416265,-1199,400
1418000,-1201,400
1419744,-1204,400
1421487,-1206,400
1423227,-1208,400
1424962,-1211,400
1426705,-1213,400
1428441,-1216,400
1430185,-1218,400
1431920,-1220,400
1433659,-1223,400
1435395,-1225,400
1437134,-1227,400
1438869,-1230,400
1440611,-1232,400
1442349,-1235,400
1444089,-1237,400
1445824,-1239,400
1447567,-1242,400
1449303,-1244,400
1451044,-1247,400
1452779,-1249,400
1454527,-1251,400
1456262,-1254,400
1458002,-1256,400
1459741,-1259,400
1461489,-1261,400
1463224,-1263,400
1464963,-1266,400
1466702,-1268,400
1468443,-1271,400
1470180,-1273,400
1471920,-1275,400
1473655,-1278,400
1475395,-1280,400
1477130,-1283,400
1478870,-1285,400
1480606,-1287,400
1482349,-1290,400
1484084,-1292,400
1485824,-1295,400
1487564,-1297,400
1489306,-1299,400
1491042,-1302,400
1492782,-1304,400
1494525,-1307,400
1496265,-1309,400
1498000,-1311,400
1499744,-1314,400
1501487,-1316,400
1503226,-1319,400
1504961,-1321,400
1506705,-1323,400
1508440,-1326,400
1510183,-1328,400
1511918,-1331,400
1513657,-1333,400
1515392,-1335,400
1517132,-1338,400
1518867,-1340,400
1520611,-1342,400
1522349,-1345,400
1524089,-1347,400
1525824,-1350,400
1527566,-1352,400
1529303,-1354,400
1531044,-1357,400
1532779,-1359,400
1534527,-1362,400
1536262,-1364,400
1538002,-1366,400
1539741,-1369,400
1541489,-1371,400
1543224,-1374,400
1544963,-1376,400
1546702,-1378,400
1548443,-1381,400
1550182,-1383,400
1551921,-1386,400
1553656,-1388,400
1555397,-1390,400
1557132,-1393,400
1558871,-1395,400
1560611,-1398,400
1562352,-1400,400
1564087,-1402,400
1565827,-1405,400
1567565,-1407,400
1569307,-1410,400
1571043,-1412,400
1572782,-1414,400
1574525,-1417,400
1576265,-1419,400
1578000,-1422,400
1579744,-1424,400
1581487,-1426,400
1583227,-1429,400
1584963,-1431,400
1586705,-1433,400
1588441,-1436,400
1590185,-1438,400
1591920,-1441,400
1593659,-1443,400
1595395,-1445,400
1597134,-1448,400
1598869,-1450,400
1600611,-1453,400
1602349,-1455,400
1604089,-1457,400
1605824,-1460,400
1607566,-1462,400
1609303,-1465,400
1611044,-1467,400
1612779,-1469,400
1614527,-1472,400
1616262,-1474,400
1618001,-1477,400
1619741,-1479,400
1621489,-1481,400
1623224,-1484,400
1624963,-1486,400
1626702,-1489,400
1628442,-1491,400
1630180,-1493,400
1631920,-1496,400
1633655,-1498,400
1635395,-1501,400
1637130,-1503,400
1638870,-1505,400
1640611,-1508,400
1642352,-1510,400
1644087,-1513,400
1645827,-1515,400
1647565,-1517,400
1649306,-1520,400
1651043,-1522,400
1652782,-1525,400
1654525,-1527,400
1656265,-1529,400
1658000,-1532,400
1659744,-1534,400
1661487,-1537,400
1663226,-1539,400
1664961,-1541,400
1666705,-1544,400
1668440,-1546,400
1670183,-1549,400
1671918,-1551,400
1673657,-1553,400
1675392,-1556,400
1677132,-1558,400
1678867,-1561,400
1680611,-1563,400
1682349,-1566,400
1684089,-1568,400
1685824,-1570,400
1687567,-1573,400
1689303,-1575,400
1691044,-1578,400
1692779,-1580,400
1694527,-1582,400
1696262,-1585,400
1698002,-1587,400
1699741,-1590,400
1701489,-1592,400
1703224,-1594,400
1704963,-1597,400
1706702,-1599,400
1708443,-1602,400
1710180,-1604,400
1711920,-1606,400
1713655,-1609,400
1715395,-1611,400
1717130,-1614,400
1718870,-1616,400
1720606,-1618,400
1722349,-1621,400
1724084,-1623,400
1725824,-1626,400
1727564,-1628,400
1729305,-1630,400
1731042,-1633,400
1732781,-1635,400
1734525,-1638,400
1736265,-1640,400
1738000,-1642,400
1739744,-1645,400
1741487,-1647,400
1743227,-1650,400
1744962,-1652,400
1746705,-1654,400
1748441,-1657,400
1750185,-1659,400
1751920,-1662,400
1753659,-1664,400
1755395,-1666,400
1757134,-1669,400
1758869,-1671,400
1760611,-1674,400
1762349,-1676,400
1764089,-1678,400
1765824,-1681,400
1767567,-1683,400
1769303,-1686,400
1771044,-1688,400
1772779,-1690,400
1774527,-1693,400
1776262,-1695,400
1778002,-1698,400
1779741,-1700,400
1781489,-1702,400
1783224,-1705,400
1784963,-1707,400
1786702,-1710,400
1788442,-1712,400
1790180,-1714,400
1791920,-1717,400
1793655,-1719,400
1795395,-1722,400
1797130,-1724,400
1798870,-1726,400
1800606,-1729,400
1802349,-1731,400
1804084,-1734,400
1805824,-1736,400
1807564,-1738,400
1809306,-1741,400
1811042,-1743,400
1812782,-1746,400
1814525,-1748,400
1816265,-1750,400
1818000,-1753,400
1819744,-1755,400
1821487,-1758,400
1823226,-1760,400
1824961,-1762,400
1826705,-1765,400
1828440,-1767,400
1830183,-1770,400
1831918,-1772,400
1833657,-1774,400
1835392,-1777,400
1837132,-1779,400
1838867,-1782,400
1840611,-1784,400
1842349,-1786,400
1844089,-1789,400
1845824,-1791,400
1847567,-1794,400
1849303,-1796,400
1851044,-1798,400
1852779,-1801,400
1854527,-1803,400
1856262,-1806,400
1858001,-1808,400
1859741,-1810,400
1861489,-1813,400
1863224,-1815,400
1864963,-1818,400
1866702,-1820,400
1868443,-1822,400
1870182,-1825,400
1871921,-1827,400
1873656,-1830,400
1875397,-1832,400
1877131,-1834,400
1878871,-1837,400
1880611,-1839,400
1882352,-1842,400
1884087,-1844,400
1885827,-1846,400
1887565,-1849,400
1889307,-1851,400
1891043,-1854,400
1892782,-1856,400
1894525,-1858,400
1896265,-1861,400
1898000,-1863,400
1899744,-1866,400
1901487,-1868,400
1903226,-1870,400
1904961,-1873,400
1906705,-1875,400
1908440,-1878,400
1910183,-1880,400
1911918,-1882,400
1913657,-1885,400
1915392,-1887,400
1917132,-1890,400
1918867,-1892,400
1920611,-1894,400
1922349,-1897,400
1924089,-1899,400
1925824,-1902,400
1927567,-1904,400
1929303,-1906,400
1931044,-1909,400
1932779,-1911,400
1934527,-1914,400
1936262,-1916,400
1938001,-1918,400
1939740,-1921,400
1941489,-1923,400
1943223,-1926,400
1944963,-1928,400
1946702,-1930,400
1948442,-1933,400
1950180,-1935,400
1951920,-1938,400
1953655,-1940,400
1955395,-1942,400
1957130,-1945,400
1958870,-1947,400
1960606,-1950,400
1962349,-1952,400
1964084,-1954,400
1965824,-1957,400
1967565,-1959,400
1969306,-1962,400
1971043,-1964,400
1972782,-1967,400
1974525,-1969,400
1976265,-1971,400
1978000,-1974,400
1979744,-1976,400
1981487,-1979,400
1983227,-1981,400
1984962,-1983,400
1986705,-1986,400
1988441,-1988,400
1990185,-1991,400
1991920,-1993,400
1993659,-1995,400
1995395,-1998,400
1997134,-2000,400
1998869,-2003,400
2000611,-2005,800
2002349,-2008,800
2004089,-2010,800
2005824,-2013,800
2007567,-2016,800
2009303,-2018,800
2011045,-2021,800
2012780,-2024,800
2014528,-2027,800
2016263,-2031,800
2018002,-2034,800
2019742,-2037,800
2021490,-2041,800
2023225,-2044,800
2024964,-2047,800
2026703,-2051,800
2028444,-2055,800
2030183,-2058,800
2031923,-2062,800
2033658,-2066,800
2035399,-2069,800
2037134,-2073,800
2038874,-2077,800
2040611,-2081,800
2042352,-2085,800
2044087,-2089,800
2045827,-2093,800
2047566,-2097,800
2049307,-2101,800
2051043,-2106,800
2052783,-2110,800
2054525,-2114,800
2056265,-2118,800
2058000,-2123,800
2059744,-2127,800
2061487,-2131,800
2063227,-2135,800
2064962,-2140,800
2066705,-2144,800
2068441,-2149,800
2070185,-2153,800
2071920,-2158,800
2073660,-2162,800
2075395,-2167,800
2077135,-2171,800
2078870,-2176,800
2080611,-2180,800
2082349,-2185,800
2084089,-2190,800
2085824,-2194,800
2087567,-2199,800
2089303,-2203,800
2091044,-2208,800
2092781,-2213,800
2094529,-2217,800
2096264,-2222,800
2098003,-2227,800
2099743,-2232,800
2101491,-2236,800
2103226,-2241,800
2104965,-2246,800
2106704,-2251,800
2108445,-2255,800
2110184,-2260,800
2111924,-2265,800
2113659,-2270,800
2115400,-2274,800
2117135,-2279,800
2118875,-2284,800
2120615,-2289,800
2122358,-2294,800
2124093,-2299,800
2125833,-2303,800
2127569,-2308,800
2129310,-2313,800
2131046,-2318,800
2132790,-2323,800
2134532,-2328,800
2136271,-2333,800
2138006,-2338,800
2139750,-2342,800
2141492,-2347,800
2143232,-2352,800
2144967,-2357,800
2146709,-2362,800
2148445,-2367,800
2150189,-2372,800
2151925,-2377,800
2153665,-2382,800
2155404,-2387,800
2157144,-2392,800
2158878,-2397,800
2160619,-2402,800
2162356,-2407,800
2164095,-2411,800
2165830,-2416,800
2167575,-2421,800
2169312,-2426,800
2171052,-2431,800
2172791,-2436,800
2174535,-2441,800
2176270,-2446,800
2178010,-2451,800
2179749,-2456,800
2181495,-2461,800
2183230,-2466,800
2184970,-2471,800
2186707,-2476,800
2188454,-2481,800
2190194,-2486,800
2191933,-2491,800
2193668,-2496,800
2195410,-2501,800
2197145,-2506,800
2198884,-2511,800
2200620,-2516,800
2202361,-2521,800
2204096,-2526,800
2205835,-2531,800
2207575,-2536,800
2209316,-2541,800
2211051,-2546,800
2212794,-2551,800
2214536,-2556,800
2216275,-2561,800
2218010,-2566,800
2219754,-2571,800
2221496,-2576,800
2223235,-2581,800
2224970,-2586,800
2226712,-2591,800
2228454,-2596,800
2230198,-2601,800
2231933,-2606,800
2233673,-2611,800
2235410,-2616,800
2237149,-2621,800
2238884,-2626,800
2240624,-2631,800
2242361,-2636,800
2244101,-2641,800
2245836,-2646,800
2247580,-2651,800
2249316,-2656,800
2251056,-2661,800
2252795,-2666,800
2254542,-2671,800
2256277,-2676,800
2258017,-2681,800
2259756,-2686,800
2261500,-2691,800
2263235,-2696,800
2264975,-2701,800
2266712,-2706,800
2268457,-2711,800
2270196,-2716,800
2271936,-2721,800
2273671,-2726,800
2275413,-2731,800
2277148,-2736,800
2278887,-2742,800
2280623,-2747,800
2282366,-2752,800
2284101,-2757,800
2285840,-2762,800
2287579,-2767,800
2289321,-2772,800
2291057,-2777,800
2292798,-2782,800
2294542,-2787,800
2296281,-2792,800
2298016,-2797,800
2299760,-2802,800
2301500,-2807,800
2303240,-2812,800
2304975,-2817,800
2306719,-2822,800
2308460,-2827,800
2310207,-2832,800
2311941,-2837,800
2313681,-2842,800
2315419,-2847,800
2317158,-2852,800
2318893,-2857,800
2320633,-2862,800
2322369,-2867,800
2324109,-2872,800
2325844,-2877,800
2327584,-2882,800
2329321,-2887,800
2331062,-2892,800
2332799,-2898,800
2334542,-2902,800
2336276,-2908,800
2338016,-2913,800
2339755,-2918,800
2341500,-2923,800
2343235,-2928,800
2344975,-2933,800
2346712,-2938,800
2348457,-2943,800
2350196,-2948,800
2351936,-2953,800
2353671,-2958,800
2355413,-2963,800
2357148,-2968,800
2358887,-2973,800
2360623,-2978,800
2362366,-2983,800
2364101,-2988,800
2365840,-2993,800
2367579,-2998,800
2369321,-3003,800
2371057,-3008,800
2372799,-3013,800
2374542,-3018,800
2376281,-3023,800
2378016,-3028,800
2379760,-3033,800
2381500,-3038,800
2383240,-3043,800
2384975,-3048,800
2386719,-3053,800
2388458,-3058,800
2390202,-3063,800
2391937,-3068,800
2393677,-3073,800
2395414,-3078,800
2397154,-3083,800
2398889,-3088,800
2400628,-3093,800
2402364,-3098,800
2404104,-3104,800
2405838,-3109,800
2407580,-3114,800
2409316,-3119,800
2411056,-3124,800
2412795,-3129,800
2414542,-3134,800
2416276,-3139,800
2418016,-3144,800
2419755,-3149,800
2421500,-3154,800
2423235,-3159,800
2424975,-3164,800
2426712,-3169,800
2428457,-3174,800
2430196,-3179,800
2431936,-3184,800
2433671,-3189,800
2435413,-3194,800
2437148,-3199,800
2438887,-3204,800
2440623,-3209,800
2442366,-3214,800
2444101,-3219,800
2445841,-3224,800
2447579,-3229,800
2449321,-3234,800
2451057,-3239,800
2452799,-3244,800
2454542,-3249,800
2456281,-3254,800
2458016,-3260,800
2459760,-3264,800
2461500,-3270,800
2463240,-3275,800
2464975,-3280,800
2466719,-3285,800
2468458,-3290,800
2470202,-3295,800
2471937,-3300,800
2473677,-3305,800
2475414,-3310,800
2477154,-3315,800
2478889,-3320,800
2480628,-3325,800
2482364,-3330,800
2484103,-3335,800
2485838,-3340,800
2487580,-3345,800
2489316,-3350,800
2491056,-3355,800
2492794,-3360,800
2494542,-3365,800
2496276,-3370,800
2498016,-3375,800
2499755,-3380,800
2501500,-3385,800
2503235,-3390,800
2504975,-3395,800
2506712,-3400,800
2508457,-3405,800
2510196,-3410,800
2511936,-3415,800
2513670,-3420,800
2515413,-3425,800
2517148,-3430,800
2518888,-3435,800
2520624,-3440,800
2522366,-3445,800
2524101,-3450,800
2525840,-3456,800
2527579,-3460,800
2529320,-3466,800
2531056,-3471,800
2532797,-3476,800
2534536,-3481,800
2536275,-3486,800
2538010,-3491,800
2539754,-3496,800
2541496,-3501,800
2543235,-3506,800
2544970,-3511,800
2546712,-3516,800
2548455,-3521,800
2550198,-3526,800
2551933,-3531,800
2553673,-3536,800
2555410,-3541,800
2557149,-3546,800
2558886,-3551,800
2560626,-3556,800
2562362,-3561,800
2564101,-3566,800
2565836,-3571,800
2567577,-3576,800
2569313,-3581,800
2571053,-3586,800
2572792,-3591,800
2574535,-3596,800
2576270,-3601,800
2578010,-3606,800
2579749,-3611,800
2581495,-3616,800
2583230,-3621,800
2584970,-3626,800
2586707,-3631,800
2588454,-3636,800
2590194,-3641,800
2591933,-3646,800
2593668,-3651,800
2595410,-3656,800
2597145,-3662,800
2598884,-3667,800
2600620,-3672,800
2602361,-3677,800
2604095,-3682,800
2605835,-3687,800
2607575,-3692,800
2609316,-3697,800
2611051,-3702,800
2612794,-3707,800
2614536,-3712,800
2616275,-3717,800
2618010,-3722,800
2619754,-3727,800
2621496,-3732,800
2623235,-3737,800
2624970,-3742,800
2626712,-3747,800
2628455,-3752,800
2630198,-3757,800
2631933,-3762,800
2633673,-3767,800
2635410,-3772,800
2637151,-3777,800
2638886,-3782,800
2640626,-3787,800
2642361,-3792,800
2644101,-3797,800
2645836,-3802,800
2647580,-3807,800
2649316,-3812,800
2651055,-3817,800
2652794,-3822,800
2654542,-3827,800
2656276,-3833,800
2658016,-3837,800
2659755,-3842,800
2661500,-3848,800
2663235,-3853,800
2664975,-3858,800
2666712,-3863,800
2668457,-3868,800
2670196,-3873,800
2671936,-3878,800
2673670,-3883,800
2675413,-3888,800
2677148,-3893,800
2678888,-3898,800
2680623,-3903,800
2682366,-3908,800
2684101,-3913,800
2685840,-3918,800
2687579,-3923,800
2689321,-3928,800
2691057,-3933,800
2692799,-3938,800
2694542,-3943,800
2696281,-3948,800
2698016,-3953,800
2699760,-3958,800
2701500,-3963,800
2703240,-3968,800
2704975,-3973,800
2706719,-3978,800
2708459,-3983,800
2710202,-3988,800
2711939,-3993,800
2713679,-3998,800
2715419,-4003,800
2717158,-4008,800
2718893,-4013,800
2720633,-4018,800
2722369,-4023,800
2724108,-4028,800
2725843,-4033,800
2727584,-4038,800
2729321,-4043,800
2731062,-4048,800
2732799,-4054,800
2734542,-4059,800
2736276,-4064,800
2738016,-4069,800
2739755,-4074,800
2741500,-4079,800
2743235,-4084,800
2744975,-4089,800
2746712,-4094,800
2748457,-4099,800
2750196,-4104,800
2751936,-4109,800
2753671,-4114,800
2755413,-4119,800
2757148,-4124,800
2758888,-4129,800
2760623,-4134,800
2762366,-4139,800
2764101,-4144,800
2765840,-4149,800
2767579,-4154,800
2769321,-4159,800
2771057,-4164,800
2772799,-4169,800
2774542,-4174,800
2776281,-4179,800
2778017,-4184,800
2779760,-4189,800
2781500,-4194,800
2783240,-4199,800
2784975,-4204,800
2786719,-4210,800
2788459,-4215,800
2790203,-4220,800
2791938,-4225,800
2793677,-4230,800
2795415,-4235,800
2797155,-4240,800
2798889,-4245,800
2800629,-4250,800
2802365,-4255,800
2804104,-4260,800
2805839,-4265,800
2807581,-4270,800
2809317,-4275,800
2811057,-4280,800
2812796,-4285,800
2814542,-4290,800
2816277,-4295,800
2818017,-4300,800
2819756,-4305,800
2821500,-4310,800
2823235,-4315,800
2824975,-4320,800
2826712,-4325,800
2828457,-4330,800
2830196,-4335,800
2831936,-4340,800
2833671,-4345,800
2835413,-4350,800
2837149,-4355,800
2838889,-4360,800
2840624,-4365,800
2842366,-4370,800
2844101,-4375,800
2845841,-4380,800
2847580,-4385,800
2849321,-4390,800
2851057,-4395,800
2852798,-4400,800
2854542,-4405,800
2856281,-4410,800
2858017,-4415,800
2859760,-4420,800
2861500,-4425,800
2863240,-4430,800
2864975,-4435,800
2866719,-4440,800
2868459,-4445,800
2870202,-4450,800
2871937,-4456,800
2873677,-4461,800
2875414,-4466,800
2877154,-4471,800
2878889,-4476,800
2880629,-4481,800
2882364,-4486,800
2884104,-4491,800
2885839,-4496,800
2887580,-4501,800
2889317,-4506,800
2891057,-4511,800
2892795,-4516,800
2894542,-4521,800
2896277,-4526,800
2898017,-4531,800
2899756,-4536,800
2901500,-4541,800
2903235,-4546,800
2904975,-4551,800
2906712,-4556,800
2908459,-4561,800
2910198,-4566,800
2911937,-4571,800
2913672,-4576,800
2915414,-4581,800
2917149,-4586,800
2918889,-4591,800
2920625,-4596,800
2922366,-4601,800
2924101,-4606,800
2925841,-4611,800
2927580,-4616,800
2929321,-4621,800
2931057,-4626,800
2932799,-4631,800
2934542,-4636,800
2936281,-4641,800
2938017,-4647,800
2939760,-4652,800
2941500,-4657,800
2943240,-4662,800
2944975,-4667,800
2946719,-4672,800
2948459,-4677,800
2950203,-4682,800
2951938,-4687,800
2953677,-4692,800
2955418,-4697,800
2957157,-4702,800
2958892,-4707,800
2960632,-4712,800
2962368,-4717,800
2964107,-4722,800
2965842,-4727,800
2967583,-4732,800
2969320,-4737,800
2971061,-4742,800
2972798,-4747,800
2974542,-4752,800
2976277,-4757,800
2978017,-4762,800
2979756,-4767,800
2981500,-4772,800
2983235,-4777,800
2984975,-4782,800
2986712,-4788,800
2988457,-4793,800
2990196,-4798,800
2991936,-4803,800
2993671,-4808,800
2995413,-4813,800
2997148,-4818,800
2998887,-4823,800
3000623,-4828,800
3002366,-4833,800
3004101,-4838,800
3005841,-4843,800
3007577,-4848,800
3009319,-4853,800
3011054,-4858,800
3012796,-4863,800
3014536,-4868,800
3016277,-4873,800
3018012,-4878,800
3019756,-4883,800
3021497,-4888,800
3023237,-4893,800
3024972,-4898,800
3026713,-4903,800
3028456,-4908,800
3030200,-4913,800
3031935,-4918,800
3033675,-4923,800
3035412,-4928,800
3037152,-4933,800
3038887,-4938,800
3040626,-4943,800
3042362,-4948,800
3044102,-4953,800
3045837,-4958,800
3047578,-4964,800
3049314,-4969,800
3051054,-4974,800
3052793,-4979,800
3054535,-4984,800
3056270,-4989,800
3058010,-4994,800
3059749,-4999,800
3061495,-5004,800
3063230,-5009,800
3064970,-5014,800
3066707,-5019,800
3068455,-5024,800
3070195,-5029,800
3071935,-5034,800
3073670,-5039,800
3075413,-5044,800
3077148,-5049,800
3078887,-5054,800
3080623,-5059,800
3082366,-5064,800
3084101,-5069,800
3085841,-5074,800
3087577,-5079,800
3089319,-5084,800
3091054,-5089,800
3092796,-5094,800
3094536,-5099,800
3096275,-5104,800
3098010,-5109,800
3099754,-5114,800
3101496,-5119,800
3103236,-5124,800
3104971,-5129,800
3106713,-5134,800
3108455,-5139,800
3110199,-5145,800
3111934,-5150,800
3113674,-5155,800
3115411,-5160,800
3117151,-5165,800
3118886,-5170,800
3120625,-5175,800
3122361,-5180,800
3124101,-5185,800
3125836,-5190,800
3127578,-5195,800
3129314,-5200,800
3131053,-5205,800
3132792,-5210,800
3134535,-5215,800
3136270,-5220,800
3138010,-5225,800
3139749,-5230,800
3141495,-5235,800
3143230,-5240,800
3144970,-5245,800
3146707,-5250,800
3148456,-5255,800
3150195,-5260,800
3151935,-5265,800
3153670,-5270,800
3155412,-5275,800
3157147,-5280,800
3158887,-5285,800
3160622,-5290,800
3162366,-5295,800
3164101,-5300,800
3165841,-5305,800
3167580,-5310,800
3169321,-5315,800
3171057,-5320,800
3172799,-5325,800
3174542,-5330,800
3176281,-5335,800
3178017,-5340,800
3179760,-5345,800
3181500,-5350,800
3183240,-5356,800
3184975,-5361,800
3186719,-5366,800
3188459,-5371,800
3190203,-5376,800
3191938,-5381,800
3193678,-5386,800
3195417,-5391,800
3197157,-5396,800
3198892,-5401,800
3200632,-5406,800
3202368,-5411,800
3204107,-5416,800
3205842,-5421,800
3207583,-5426,800
3209320,-5431,800
3211060,-5436,800
3212797,-5441,800
3214542,-5446,800
3216277,-5451,800
3218017,-5456,800
3219756,-5461,800
3221500,-5466,800
3223235,-5471,800
3224975,-5476,800
3226712,-5481,800
3228457,-5486,800
3230196,-5491,800
3231936,-5496,800
3233671,-5501,800
3235413,-5506,800
3237148,-5511,800
3238888,-5516,800
3240623,-5521,800
3242366,-5526,800
3244101,-5531,800
3245840,-5536,800
3247579,-5541,800
3249321,-5546,800
3251057,-5551,800
3252798,-5557,800
3254542,-5562,800
3256281,-5567,800
3258016,-5572,800
3259760,-5577,800
3261500,-5582,800
3263240,-5587,800
3264975,-5592,800
3266719,-5597,800
3268459,-5602,800
3270203,-5607,800
3271938,-5612,800
3273677,-5617,800
3275418,-5622,800
3277157,-5627,800
3278892,-5632,800
3280632,-5637,800
3282367,-5642,800
3284107,-5647,800
3285842,-5652,800
3287583,-5657,800
3289319,-5662,800
3291060,-5667,800
3292797,-5672,800
3294542,-5677,800
3296277,-5682,800
3298016,-5687,800
3299755,-5692,800
3301500,-5697,800
3303235,-5702,800
3304975,-5707,800
3306712,-5712,800
3308457,-5717,800
3310196,-5722,800
3311936,-5727,800
3313671,-5732,800
3315413,-5737,800
3317148,-5742,800
3318887,-5747,800
3320623,-5752,800
3322366,-5757,800
3324101,-5762,800
3325841,-5767,800
3327580,-5772,800
3329321,-5777,800
3331057,-5783,800
3332799,-5788,800
3334542,-5793,800
3336281,-5798,800
3338017,-5803,800
3339760,-5808,800
3341500,-5813,800
3343240,-5818,800
3344975,-5823,800
3346719,-5828,800
3348459,-5833,800
3350203,-5838,800
3351938,-5843,800
3353677,-5848,800
3355418,-5853,800
3357157,-5858,800
3358892,-5863,800
3360632,-5868,800
3362368,-5873,800
3364107,-5878,800
3365842,-5883,800
3367583,-5888,800
3369320,-5893,800
3371060,-5898,800
3372797,-5903,800
3374542,-5908,800
3376277,-5913,800
3378016,-5918,800
3379755,-5923,800
3381500,-5928,800
3383235,-5933,800
3384975,-5938,800
3386712,-5943,800
3388457,-5948,800
3390196,-5953,800
3391936,-5958,800
3393671,-5963,800
3395413,-5968,800
3397148,-5973,800
3398887,-5978,800
3400623,-5983,800
3402366,-5988,800
3404101,-5993,800
3405841,-5998,800
3407580,-6003,800
3409321,-6008,800
3411057,-6013,800
3412799,-6018,800
3414542,-6023,800
3416281,-6028,800
3418017,-6034,800
3419760,-6038,800
3421500,-6044,800
3423240,-6049,800
3424975,-6054,800
3426719,-6059,800
3428459,-6064,800
3430203,-6069,800
3431938,-6074,800
3433677,-6079,800
3435417,-6084,800
3437157,-6089,800
3438892,-6094,800
3440632,-6099,800
3442368,-6104,800
3444107,-6109,800
3445842,-6114,800
3447583,-6119,800
3449320,-6124,800
3451060,-6129,800
3452797,-6134,800
3454542,-6139,800
3456277,-6144,800
3458017,-6149,800
3459756,-6154,800
3461500,-6159,800
3463235,-6164,800
3464975,-6169,800
3466712,-6174,800
3468457,-6179,800
3470196,-6184,800
3471936,-6189,800
3473671,-6194,800
3475413,-6199,800
3477148,-6204,800
3478888,-6209,800
3480623,-6214,800
3482366,-6219,800
3484101,-6224,800
3485840,-6229,800
3487579,-6234,800
3489321,-6239,800
3491057,-6244,800
3492799,-6249,800
3494542,-6255,800
3496281,-6259,800
3498016,-6264,800
3499760,-6270,800
3501500,-6275,400
3503240,-6280,400
3504975,-6284,400
3506719,-6289,400
3508459,-6294,400
3510203,-6299,400
3511938,-6304,400
3513677,-6308,400
3515417,-6313,400
3517157,-6318,400
3518892,-6322,400
3520632,-6327,400
3522367,-6331,400
3524107,-6336,400
3525842,-6340,400
3527583,-6344,400
3529319,-6349,400
3531060,-6353,400
3532797,-6357,400
3534542,-6362,400
3536277,-6366,400
3538016,-6370,400
3539755,-6374,400
3541500,-6378,400
3543235,-6382,400
3544975,-6386,400
3546712,-6390,400
3548457,-6394,400
3550197,-6398,400
3551936,-6402,400
3553671,-6406,400
3555413,-6410,400
3557148,-6413,400
3558888,-6417,400
3560623,-6421,400
3562366,-6424,400
3564101,-6428,400
3565841,-6431,400
3567580,-6435,400
3569321,-6439,400
3571057,-6442,400
3572799,-6445,400
3574542,-6449,400
3576281,-6452,400
3578017,-6456,400
3579760,-6459,400
3581500,-6462,400
3583240,-6465,400
3584975,-6468,400
3586719,-6472,400
3588459,-6475,400
3590203,-6478,400
3591938,-6481,400
3593677,-6484,400
3595417,-6487,400
3597157,-6490,400
3598892,-6493,400
3600632,-6496,400
3602368,-6499,400
3604107,-6502,400
3605842,-6505,400
3607583,-6508,400
3609320,-6510,400
3611060,-6513,400
3612797,-6516,400
3614542,-6519,400
3616277,-6522,400
3618017,-6525,400
3619756,-6527,400
3621500,-6530,400
3623235,-6533,400
3624975,-6536,400
3626712,-6538,400
3628457,-6541,400
3630197,-6544,400
3631936,-6546,400
3633672,-6549,400
3635414,-6552,400
3637149,-6554,400
3638888,-6557,400
3640624,-6559,400
3642366,-6562,400
3644101,-6565,400
3645841,-6567,400
3647579,-6570,400
3649321,-6572,400
3651057,-6575,400
3652799,-6578,400
3654542,-6580,400
3656281,-6583,400
3658017,-6585,400
3659760,-6588,400
3661500,-6590,400
3663240,-6593,400
3664975,-6595,400
3666719,-6598,400
3668459,-6600,400
3670203,-6603,400
3671938,-6606,400
3673677,-6608,400
3675418,-6610,400
3677157,-6613,400
3678892,-6616,400
3680632,-6618,400
3682368,-6621,400
3684107,-6623,400
3685842,-6625,400
3687583,-6628,400
3689320,-6630,400
3691060,-6633,400
3692797,-6635,400
3694542,-6638,400
3696277,-6640,400
3698016,-6643,400
3699756,-6645,400
3701500,-6648,400
3703235,-6650,400
3704975,-6653,400
3706712,-6655,400
3708458,-6657,400
3710197,-6660,400
3711936,-6662,400
3713671,-6665,400
3715413,-6667,400
3717148,-6670,400
3718888,-6672,400
3720623,-6675,400
3722366,-6677,400
3724101,-6679,400
3725840,-6682,400
3727579,-6684,400
3729321,-6687,400
3731057,-6689,400
3732799,-6691,400
3734542,-6694,400
3736282,-6696,400
3738017,-6699,400
3739760,-6701,400
3741500,-6703,400
3743240,-6706,400
3744975,-6708,400
3746719,-6711,400
3748459,-6713,400
3750203,-6716,400
3751938,-6718,400
3753678,-6720,400
3755417,-6723,400
3757157,-6725,400
3758892,-6728,400
3760632,-6730,400
3762368,-6732,400
3764108,-6735,400
3765843,-6737,400
3767584,-6740,400
3769321,-6742,400
3771062,-6744,400
3772799,-6747,400
3774542,-6749,400
3776277,-6752,400
3778017,-6754,400
3779756,-6756,400
3781500,-6759,400
3783235,-6761,400
3784975,-6764,400
3786712,-6766,400
3788457,-6769,400
3790196,-6771,400
3791936,-6773,400
3793671,-6776,400
3795413,-6778,400
3797148,-6781,400
3798888,-6783,400
3800623,-6785,400
3802366,-6788,400
3804101,-6790,400
3805841,-6793,400
3807580,-6795,400
3809321,-6797,400
3811057,-6800,400
3812799,-6802,400
3814542,-6805,400
3816282,-6807,400
3818017,-6809,400
3819760,-6812,400
3821500,-6814,400
3823240,-6817,400
3824975,-6819,400
3826719,-6821,400
3828459,-6824,400
3830203,-6826,400
3831938,-6829,400
3833677,-6831,400
3835418,-6833,400
3837157,-6836,400
3838892,-6838,400
3840632,-6841,400
3842368,-6843,400
3844108,-6845,400
3845843,-6848,400
3847584,-6850,400
3849321,-6853,400
3851062,-6855,400
3852799,-6857,400
3854542,-6860,400
3856277,-6862,400
3858016,-6865,400
3859756,-6867,400
3861500,-6869,400
3863235,-6872,400
3864975,-6874,400
3866712,-6877,400
3868457,-6879,400
3870196,-6881,400
3871936,-6884,400
3873671,-6886,400
3875413,-6889,400
3877148,-6891,400
3878888,-6893,400
3880623,-6896,400
3882366,-6898,400
3884101,-6901,400
3885840,-6903,400
3887579,-6905,400
3889321,-6908,400
3891057,-6910,400
3892799,-6913,400
3894542,-6915,400
3896281,-6917,400
3898017,-6920,400
3899760,-6922,400
3901500,-6925,400
3903240,-6927,400
3904975,-6930,400
3906719,-6932,400
3908459,-6934,400
3910203,-6937,400
3911938,-6939,400
3913677,-6942,400
3915417,-6944,400
3917157,-6946,400
3918892,-6949,400
3920632,-6951,400
3922368,-6954,400
3924107,-6956,400
3925842,-6958,400
3927584,-6961,400
3929320,-6963,400
3931060,-6966,400
3932798,-6968,400
3934542,-6971,400
3936277,-6973,400
3938016,-6975,400
3939756,-6978,400
3941500,-6980,400
3943235,-6983,400
3944975,-6985,400
3946712,-6987,400
3948457,-6990,400
3950196,-6992,400
3951936,-6995,400
3953671,-6997,400
3955413,-6999,400
3957148,-7002,400
3958888,-7004,400
3960623,-7007,400
3962366,-7009,400
3964101,-7012,400
3965841,-7014,400
3967580,-7016,400
3969321,-7019,400
3971057,-7021,400
3972799,-7023,400
3974542,-7026,400
3976281,-7028,400
3978017,-7031,400
3979760,-7033,400
3981500,-7035,400
3983240,-7038,400
3984975,-7040,400
3986719,-7043,400
3988459,-7045,400
3990203,-7047,400
3991938,-7050,400
3993677,-7052,400
3995418,-7055,400
3997157,-7057,400
3998892,-7059,400
4000632,-7062,400
4002368,-7064,400
4004108,-7067,400
4005843,-7069,400
4007584,-7071,400
4009321,-7074,400
4011062,-7076,400
4012799,-7079,400
4014543,-7081,400
4016278,-7083,400
4018018,-7086,400
4019757,-7088,400
4021500,-7091,400
4023235,-7093,400
4024975,-7095,400
4026712,-7098,400
4028457,-7100,400
4030196,-7103,400
4031936,-7105,400
4033671,-7107,400
4035413,-7110,400
4037148,-7112,400
4038888,-7115,400
4040623,-7117,400
4042366,-7119,400
4044101,-7122,400
4045841,-7124,400
4047580,-7127,400
4049321,-7129,400
4051057,-7131,400
4052799,-7134,400
4054542,-7136,400
4056281,-7139,400
4058017,-7141,400
4059760,-7143,400
4061500,-7146,400
4063240,-7148,400
4064975,-7151,400
4066719,-7153,400
4068459,-7155,400
4070203,-7158,400
4071938,-7160,400
4073677,-7162,400
4075418,-7165,400
4077157,-7167,400
4078892,-7170,400
4080632,-7172,400
4082368,-7174,400
4084108,-7177,400
4085843,-7179,400
4087584,-7182,400
4089321,-7184,400
4091061,-7186,400
4092799,-7189,400
4094542,-7191,400
4096277,-7194,400
4098017,-7196,400
4099756,-7198,400
4101500,-7201,400
4103235,-7203,400
4104975,-7206,400
4106712,-7208,400
4108457,-7210,400
4110197,-7213,400
4111936,-7215,400
4113672,-7218,400
4115414,-7220,400
4117149,-7222,400
4118888,-7225,400
4120624,-7227,400
4122366,-7230,400
4124101,-7232,400
4125841,-7234,400
4127580,-7237,400
4129321,-7239,400
4131057,-7242,400
4132799,-7244,400
4134542,-7246,400
4136282,-7249,400
4138017,-7251,400
4139760,-7254,400
4141500,-7256,400
4143240,-7258,400
4144975,-7261,400
4146719,-7263,400
4148459,-7266,400
4150203,-7268,400
4151938,-7270,400
4153678,-7273,400
4155418,-7275,400
4157158,-7278,400
4158893,-7280,400
4160633,-7282,400
4162369,-7285,400
4164109,-7287,400
4165844,-7290,400
4167585,-7292,400
4169322,-7294,400
4171062,-7297,400
4172799,-7299,400
4174543,-7302,400
4176278,-7304,400
4178018,-7306,400
4179757,-7309,400
4181500,-7311,400
4183235,-7314,400
4184975,-7316,400
4186712,-7318,400
4188457,-7321,400
4190196,-7323,400
4191936,-7326,400
4193671,-7328,400
4195413,-7330,400
4197148,-7333,400
4198888,-7335,400
4200623,-7338,400
4202366,-7340,400
4204101,-7343,400
4205841,-7345,400
4207578,-7347,400
4209319,-7350,400
4211054,-7352,400
4212796,-7355,400
4214536,-7357,400
4216275,-7359,400
4218011,-7362,400
4219755,-7364,400
4221496,-7367,400
4223236,-7369,400
4224971,-7371,400
4226713,-7374,400
4228457,-7376,400
4230203,-7379,400
4231938,-7381,400
4233678,-7383,400
4235418,-7386,400
4237157,-7388,400
4238893,-7391,400
4240633,-7393,400
4242369,-7396,400
4244109,-7398,400
4245844,-7400,400
4247585,-7403,400
4249322,-7405,400
4251062,-7408,400
4252800,-7410,400
4254543,-7412,400
4256278,-7415,400
4258018,-7417,400
4259757,-7420,400
4261500,-7422,400
4263235,-7424,400
4264975,-7427,400
4266712,-7429,400
4268457,-7432,400
4270197,-7434,400
4271937,-7436,400
4273672,-7439,400
4275414,-7441,400
4277149,-7444,400
4278889,-7446,400
4280624,-7448,400
4282366,-7451,400
4284101,-7453,400
4285841,-7456,400
4287578,-7458,400
4289319,-7460,400
4291055,-7463,400
4292797,-7465,400
4294536,-7468,400
4296275,-7470,400
4298011,-7472,400
4299755,-7475,400
4301496,-7477,400
4303236,-7480,400
4304971,-7482,400
4306713,-7484,400
4308457,-7487,400
4310201,-7489,400
4311936,-7492,400
4313675,-7494,400
4315413,-7496,400
4317153,-7499,400
4318888,-7501,400
4320628,-7504,400
4322363,-7506,400
4324103,-7508,400
4325838,-7511,400
4327580,-7513,400
4329316,-7516,400
4331056,-7518,400
4332795,-7520,400
4334542,-7523,400
4336277,-7525,400
4338017,-7528,400
4339756,-7530,400
4341500,-7532,400
4343235,-7535,400
4344975,-7537,400
4346712,-7540,400
4348457,-7542,400
4350197,-7544,400
4351937,-7547,400
4353672,-7549,400
4355414,-7552,400
4357149,-7554,400
4358889,-7556,400
4360624,-7559,400
4362366,-7561,400
4364101,-7564,400
4365841,-7566,400
4367578,-7568,400
4369319,-7571,400
4371055,-7573,400
4372797,-7576,400
4374536,-7578,400
4376275,-7580,400
4378011,-7583,400
4379754,-7585,400
4381496,-7588,400
4383236,-7590,400
4384971,-7592,400
4386713,-7595,400
4388457,-7597,400
4390201,-7600,400
4391936,-7602,400
4393676,-7604,400
4395413,-7607,400
4397153,-7609,400
4398888,-7612,400
4400628,-7614,400
4402363,-7616,400
4404104,-7619,400
4405839,-7621,400
4407581,-7623,400
4409317,-7626,400
4411057,-7628,400
4412796,-7631,400
4414542,-7633,400
4416277,-7635,400
4418017,-7638,400
4419756,-7640,400
4421500,-7643,400
4423235,-7645,400
4424975,-7647,400
4426713,-7650,400
4428458,-7652,400
4430197,-7655,400
4431937,-7657,400
4433672,-7659,400
4435414,-7662,400
4437149,-7664,400
4438889,-7667,400
4440625,-7669,400
4442366,-7671,400
4444101,-7674,400
4445841,-7676,400
4447578,-7679,400
4449319,-7681,400
4451054,-7683,400
4452796,-7686,400
4454536,-7688,400
4456275,-7691,400
4458011,-7693,400
4459755,-7695,400
4461496,-7698,400
4463236,-7700,400
4464971,-7703,400
4466713,-7705,400
4468456,-7708,400
4470200,-7710,400
4471936,-7712,400
4473675,-7715,400
4475413,-7717,400
4477153,-7719,400
4478888,-7722,400
4480628,-7724,400
4482363,-7727,400
4484103,-7729,400
4485838,-7732,400
4487580,-7734,400
4489316,-7736,400
4491056,-7739,400
4492795,-7741,400
4494542,-7744,400
4496277,-7746,400
4498017,-7748,400
4499756,-7751,400
4501500,-7753,400
4503235,-7756,400
4504975,-7758,400
4506713,-7760,400
4508458,-7763,400
4510197,-7765,400
4511937,-7768,400
4513672,-7770,400
4515414,-7772,400
4517149,-7775,400
4518889,-7777,400
4520625,-7780,400
4522366,-7782,400
4524101,-7784,400
4525841,-7787,400
4527578,-7789,400
4529319,-7792,400
4531054,-7794,400
4532796,-7797,400
4534536,-7799,400
4536275,-7801,400
4538011,-7804,400
4539754,-7806,400
4541496,-7809,400
4543236,-7811,400
4544971,-7813,400
4546713,-7816,400
4548457,-7818,400
4550201,-7821,400
4551936,-7823,400
4553676,-7825,400
4555413,-7828,400
4557153,-7830,400
4558888,-7833,400
4560628,-7835,400
4562363,-7837,400
4564103,-7840,400
4565838,-7842,400
4567580,-7844,400
4569316,-7847,400
4571056,-7849,400
4572795,-7852,400
4574542,-7854,400
4576277,-7857,400
4578017,-7859,400
4579756,-7861,400
4581500,-7864,400
4583235,-7866,400
4584975,-7869,400
4586712,-7871,400
4588457,-7873,400
4590197,-7876,400
4591936,-7878,400
4593671,-7881,400
4595413,-7883,400
4597148,-7885,400
4598888,-7888,400
4600624,-7890,400
4602366,-7893,400
4604101,-7895,400
4605841,-7897,400
4607578,-7900,400
4609319,-7902,400
4611054,-7905,400
4612796,-7907,400
4614536,-7909,400
4616275,-7912,400
4618011,-7914,400
4619755,-7916,400
4621496,-7919,400
4623236,-7921,400
4624971,-7924,400
4626713,-7926,400
4628456,-7928,400
4630200,-7931,400
4631936,-7933,400
4633675,-7936,400
4635413,-7938,400
4637153,-7940,400
4638888,-7943,400
4640628,-7945,400
4642363,-7948,400
4644103,-7950,400
4645838,-7952,400
4647580,-7955,400
4649316,-7957,400
4651056,-7960,400
4652795,-7962,400
4654542,-7964,400
4656277,-7967,400
4658017,-7969,400
4659756,-7972,400
4661500,-7974,400
4663235,-7976,400
4664975,-7979,400
4666712,-7981,400
4668457,-7984,400
4670197,-7986,400
4671937,-7988,400
4673672,-7991,400
4675414,-7993,400
4677149,-7996,400
4678889,-7998,400
4680624,-8000,400
4682366,-8003,400
4684101,-8005,400
4685841,-8008,400
4687578,-8010,400
4689319,-8012,400
4691054,-8015,400
4692796,-8017,400
4694536,-8020,400
4696275,-8022,400
4698010,-8024,400
4699755,-8027,400
4701496,-8029,400
4703236,-8031,400
4704971,-8034,400
4706713,-8036,400
4708456,-8039,400
4710200,-8041,400
4711936,-8043,400
4713675,-8046,400
4715413,-8048,400
4717153,-8051,400
4718888,-8053,400
4720628,-8055,400
4722363,-8058,400
4724103,-8060,400
4725838,-8063,400
4727580,-8065,400
4729316,-8067,400
4731056,-8070,400
4732795,-8072,400
4734542,-8075,400
4736277,-8077,400
4738017,-8079,400
4739756,-8082,400
4741500,-8084,400
4743235,-8087,400
4744975,-8089,400
4746712,-8091,400
4748457,-8094,400
4750197,-8096,400
4751936,-8099,400
4753672,-8101,400
4755414,-8103,400
4757149,-8106,400
4758889,-8108,400
4760624,-8111,400
4762366,-8113,400
4764101,-8115,400
4765841,-8118,400
4767578,-8120,400
4769319,-8123,400
4771054,-8125,400
4772797,-8127,400
4774536,-8130,400
4776275,-8132,400
4778011,-8135,400
4779755,-8137,400
4781496,-8139,400
4783236,-8142,400
4784971,-8144,400
4786713,-8147,400
4788456,-8149,400
4790200,-8151,400
4791936,-8154,400
4793675,-8156,400
4795413,-8159,400
4797153,-8161,400
4798888,-8163,400
4800628,-8166,400
4802363,-8168,400
4804103,-8171,400
4805838,-8173,400
4807580,-8175,400
4809316,-8178,400
4811056,-8180,400
4812795,-8183,400
4814542,-8185,400
4816277,-8188,400
4818017,-8190,400
4819756,-8192,400
4821500,-8195,400
4823235,-8197,400
4824975,-8200,400
4826712,-8202,400
4828458,-8204,400
4830197,-8207,400
4831937,-8209,400
4833672,-8212,400
4835414,-8214,400
4837149,-8216,400
4838889,-8219,400
4840624,-8221,400
4842366,-8224,400
4844101,-8226,400
4845841,-8228,400
4847578,-8231,400
4849319,-8233,400
4851055,-8236,400
4852797,-8238,400
4854536,-8240,400
4856275,-8243,400
4858011,-8245,400
4859755,-8248,400
4861496,-8250,400
4863236,-8252,400
4864971,-8255,400
4866713,-8257,400
4868457,-8260,400
4870201,-8262,400
4871936,-8264,400
4873676,-8267,400
4875413,-8269,400
4877153,-8272,400
4878888,-8274,400
4880628,-8276,400
4882363,-8279,400
4884103,-8281,400
4885838,-8284,400
4887580,-8286,400
4889316,-8288,400
4891056,-8291,400
4892795,-8293,400
4894542,-8295,400
4896277,-8298,400
4898017,-8300,400
4899756,-8303,400
4901500,-8305,400
4903235,-8307,400
4904975,-8310,400
4906712,-8312,400
4908457,-8315,400
4910197,-8317,400
4911936,-8319,400
4913671,-8322,400
4915413,-8324,400
4917148,-8327,400
4918888,-8329,400
4920624,-8331,400
4922366,-8334,400
4924101,-8336,400
4925841,-8339,400
4927578,-8341,400
4929319,-8343,400
4931055,-8346,400
4932797,-8348,400
4934536,-8351,400
4936275,-8353,400
4938011,-8355,400
4939755,-8358,400
4941496,-8360,400
4943236,-8363,400
4944971,-8365,400
4946713,-8367,400
4948457,-8370,400
4950201,-8372,400
4951936,-8375,400
4953675,-8377,400
4955413,-8379,400
4957153,-8382,400
4958888,-8384,400
4960628,-8387,400
4962363,-8389,400
4964103,-8391,400
4965838,-8394,400
4967580,-8396,400
4969316,-8399,400
4971056,-8401,400
4972795,-8403,400
4974542,-8406,400
4976277,-8408,400
4978017,-8410,400
4979756,-8413,400
4981500,-8415,400
4983235,-8418,400
4984975,-8420,400
4986712,-8422,400
4988457,-8425,400
4990197,-8427,400
4991936,-8430,400
4993671,-8432,400
4995413,-8434,400
4997148,-8437,400
4998888,-8439,400
5000624,-8442,0
5002362,-8444,0
5004095,-8446,0
5005832,-8448,0
5007567,-8450,0
5009306,-8452,0
5011040,-8454,0
5012778,-8456,0
5014515,-8457,0
5016252,-8459,0
5017985,-8460,0
5019726,-8462,0
5021463,-8463,0
5023205,-8464,0
5024937,-8466,0
5026675,-8467,0
5028409,-8468,0
5030147,-8469,0
5031879,-8470,0
5033617,-8471,0
5035351,-8472,0
5037089,-8472,0
5038821,-8473,0
5040562,-8474,0
5042296,-8475,0
5044035,-8475,0
5045770,-8476,0
5047511,-8476,0
5049244,-8477,0
5050981,-8477,0
5052718,-8478,0
5054460,-8478,0
5056197,-8479,0
5057935,-8479,0
5059667,-8479,0
5061407,-8480,0
5063139,-8480,0
5064877,-8480,0
5066614,-8480,0
5068354,-8481,0
5070087,-8481,0
5071824,-8481,0
5073562,-8481,0
5075301,-8481,0
5077035,-8481,0
5078773,-8481,0
5080510,-8481,0
5082247,-8481,0
5083980,-8482,0
5085722,-8482,0
5087459,-8482,0
5089200,-8482,0
5090933,-8482,0
5092671,-8482,0
5094405,-8482,0
5096143,-8482,0
5097875,-8482,0
5099616,-8482,0
5101350,-8482,0
5103087,-8482,0
5104820,-8482,0
5106562,-8482,0
5108295,-8482,0
5110034,-8482,0
5111770,-8482,0
5113512,-8482,0
5115244,-8482,0
5116982,-8482,0
5118719,-8482,0
5120461,-8482,0
5122197,-8482,0
5123935,-8482,0
5125667,-8482,0
5127407,-8482,0
5129140,-8482,0
5130877,-8482,0
5132613,-8482,0
5134352,-8482,0
5136084,-8482,0
5137822,-8482,0
5139560,-8482,0
5141299,-8482,0
5143033,-8482,0
5144773,-8482,0
5146510,-8482,0
5148247,-8482,0
5149980,-8482,0
5151722,-8482,0
5153459,-8482,0
5155201,-8482,0
5156933,-8482,0
5158671,-8482,0
5160405,-8482,0
5162143,-8482,0
5163875,-8482,0
5165616,-8482,0
5167350,-8482,0
5169087,-8482,0
5170820,-8482,0
5172562,-8482,0
5174296,-8482,0
5176034,-8482,0
5177770,-8482,0
5179510,-8482,0
5181242,-8482,0
5182980,-8482,0
5184717,-8482,0
5186458,-8482,0
5188195,-8482,0
5189933,-8482,0
5191665,-8482,0
5193405,-8482,0
5195137,-8482,0
5196875,-8482,0
5198612,-8482,0
5200351,-8482,0
5202084,-8482,0
5203821,-8482,0
5205560,-8482,0
5207299,-8482,0
5209033,-8482,0
5210772,-8482,0
5212509,-8482,0
5214246,-8482,0
5215979,-8482,0
5217721,-8482,0
5219458,-8482,0
5221199,-8482,0
5222932,-8482,0
5224669,-8482,0
5226404,-8482,0
5228142,-8482,0
5229875,-8482,0
5231616,-8482,0
5233350,-8482,0
5235087,-8482,0
5236820,-8482,0
5238562,-8482,0
5240295,-8482,0
5242034,-8482,0
5243770,-8482,0
5245511,-8482,0
5247244,-8482,0
5248981,-8482,0
5250718,-8482,0
5252460,-8482,0
5254197,-8482,0
5255934,-8482,0
5257667,-8482,0
5259406,-8482,0
5261139,-8482,0
5262877,-8482,0
5264614,-8482,0
5266353,-8482,0
5268086,-8482,0
5269823,-8482,0
5271562,-8482,0
5273301,-8482,0
5275035,-8482,0
5276772,-8482,0
5278509,-8482,0
5280247,-8482,0
5281980,-8482,0
5283722,-8482,0
5285459,-8482,0
5287200,-8482,0
5288933,-8482,0
5290671,-8482,0
5292405,-8482,0
5294143,-8482,0
5295875,-8482,0
5297616,-8482,0
5299350,-8482,0
5301087,-8482,0
5302820,-8482,0
5304562,-8482,0
5306295,-8482,0
5308034,-8482,0
5309770,-8482,0
5311512,-8482,0
5313244,-8482,0
5314982,-8482,0
5316719,-8482,0
5318461,-8482,0
5320197,-8482,0
5321935,-8482,0
5323667,-8482,0
5325407,-8482,0
5327139,-8482,0
5328877,-8482,0
5330614,-8482,0
5332353,-8482,0
5334086,-8482,0
5335823,-8482,0
5337561,-8482,0
5339300,-8482,0
5341034,-8482,0
5342774,-8482,0
5344511,-8482,0
5346248,-8482,0
5347981,-8482,0
5349722,-8482,0
5351460,-8482,0
5353201,-8482,0
5354934,-8482,0
5356671,-8482,0
5358406,-8482,0
5360143,-8482,0
5361876,-8482,0
5363616,-8482,0
5365350,-8482,0
5367087,-8482,0
5368820,-8482,0
5370562,-8482,0
5372296,-8482,0
5374034,-8482,0
5375770,-8482,0
5377511,-8482,0
5379244,-8482,0
5380981,-8482,0
5382718,-8482,0
5384460,-8482,0
5386197,-8482,0
5387934,-8482,0
5389667,-8482,0
5391406,-8482,0
5393139,-8482,0
5394876,-8482,0
5396614,-8482,0
5398353,-8482,0
5400085,-8482,0
5401823,-8482,0
5403561,-8482,0
5405300,-8482,0
5407034,-8482,0
5408773,-8482,0
5410510,-8482,0
5412248,-8482,0
5413980,-8482,0
5415722,-8482,0
5417459,-8482,0
5419201,-8482,0
5420934,-8482,0
5422671,-8482,0
5424406,-8482,0
5426143,-8482,0
5427876,-8482,0
5429616,-8482,0
5431349,-8482,0
5433087,-8482,0
5434819,-8482,0
5436562,-8482,0
5438296,-8482,0
5440034,-8482,0
5441770,-8482,0
5443511,-8482,0
5445244,-8482,0
5446981,-8482,0
5448718,-8482,0
5450460,-8482,0
5452196,-8482,0
5453934,-8482,0
5455666,-8482,0
5457406,-8482,0
5459139,-8482,0
5460876,-8482,0
5462614,-8482,0
5464353,-8482,0
5466085,-8482,0
5467823,-8482,0
5469561,-8482,0
5471300,-8482,0
5473034,-8482,0
5474774,-8482,0
5476511,-8482,0
5478248,-8482,0
5479981,-8482,0
5481722,-8482,0
5483460,-8482,0
5485201,-8482,0
5486934,-8482,0
5488671,-8482,0
5490406,-8482,0
5492143,-8482,0
5493876,-8482,0
5495616,-8482,0
5497349,-8482,0
5499087,-8482,0
5500819,-8482,0
5502562,-8482,0
5504296,-8482,0
5506034,-8482,0
5507770,-8482,0
5509511,-8482,0
5511244,-8482,0
5512981,-8482,0
5514718,-8482,0
5516460,-8482,0
5518197,-8482,0
5519934,-8482,0
5521667,-8482,0
5523406,-8482,0
5525139,-8482,0
5526876,-8482,0
5528614,-8482,0
5530353,-8482,0
5532085,-8482,0
5533823,-8482,0
5535561,-8482,0
5537300,-8482,0
5539034,-8482,0
5540773,-8482,0
5542510,-8482,0
5544248,-8482,0
5545980,-8482,0
5547722,-8482,0
5549459,-8482,0
5551201,-8482,0
5552934,-8482,0
5554671,-8482,0
5556406,-8482,0
5558143,-8482,0
5559876,-8482,0
5561616,-8482,0
5563349,-8482,0
5565087,-8482,0
5566819,-8482,0
5568562,-8482,0
5570296,-8482,0
5572034,-8482,0
5573770,-8482,0
5575510,-8482,0
5577242,-8482,0
5578980,-8482,0
5580717,-8482,0
5582458,-8482,0
5584195,-8482,0
5585933,-8482,0
5587665,-8482,0
5589405,-8482,0
5591137,-8482,0
5592875,-8482,0
5594612,-8482,0
5596351,-8482,0
5598084,-8482,0
5599821,-8482,0
5601560,-8482,0
5603299,-8482,0
5605033,-8482,0
5606773,-8482,0
5608510,-8482,0
5610247,-8482,0
5611980,-8482,0
5613722,-8482,0
5615459,-8482,0
5617201,-8482,0
5618933,-8482,0
5620671,-8482,0
5622405,-8482,0
5624143,-8482,0
5625875,-8482,0
5627616,-8482,0
5629350,-8482,0
5631087,-8482,0
5632820,-8482,0
5634562,-8482,0
5636296,-8482,0
5638034,-8482,0
5639770,-8482,0
5641511,-8482,0
5643244,-8482,0
5644981,-8482,0
5646718,-8482,0
5648460,-8482,0
5650197,-8482,0
5651934,-8482,0
5653667,-8482,0
5655406,-8482,0
5657139,-8482,0
5658877,-8482,0
5660614,-8482,0
5662353,-8482,0
5664086,-8482,0
5665823,-8482,0
5667562,-8482,0
5669301,-8482,0
5671035,-8482,0
5672773,-8482,0
5674510,-8482,0
5676247,-8482,0
5677980,-8482,0
5679722,-8482,0
5681459,-8482,0
5683200,-8482,0
5684933,-8482,0
5686671,-8482,0
5688406,-8482,0
5690143,-8482,0
5691876,-8482,0
5693616,-8482,0
5695350,-8482,0
5697087,-8482,0
5698820,-8482,0
5700562,-8482,0
5702295,-8482,0
5704034,-8482,0
5705770,-8482,0
5707512,-8482,0
5709244,-8482,0
5710982,-8482,0
5712719,-8482,0
5714461,-8482,0
5716197,-8482,0
5717935,-8482,0
5719667,-8482,0
5721407,-8482,0
5723140,-8482,0
5724877,-8482,0
5726613,-8482,0
5728352,-8482,0
5730085,-8482,0
5731822,-8482,0
5733560,-8482,0
5735299,-8482,0
5737033,-8482,0
5738772,-8482,0
5740509,-8482,0
5742246,-8482,0
5743979,-8482,0
5745721,-8482,0
5747458,-8482,0
5749200,-8482,0
5750933,-8482,0
5752670,-8482,0
5754405,-8482,0
5756142,-8482,0
5757875,-8482,0
5759616,-8482,0
5761350,-8482,0
5763087,-8482,0
5764820,-8482,0
5766562,-8482,0
5768295,-8482,0
5770034,-8482,0
5771770,-8482,0
5773512,-8482,0
5775244,-8482,0
5776982,-8482,0
5778719,-8482,0
5780461,-8482,0
5782197,-8482,0
5783935,-8482,0
5785667,-8482,0
5787407,-8482,0
5789139,-8482,0
5790877,-8482,0
5792614,-8482,0
5794353,-8482,0
5796086,-8482,0
5797823,-8482,0
5799562,-8482,0
5801301,-8482,0
5803035,-8482,0
5804773,-8482,0
5806510,-8482,0
5808247,-8482,0
5809980,-8482,0
5811722,-8482,0
5813459,-8482,0
5815201,-8482,0
5816933,-8482,0
5818671,-8482,0
5820406,-8482,0
5822143,-8482,0
5823876,-8482,0
5825616,-8482,0
5827350,-8482,0
5829087,-8482,0
5830820,-8482,0
5832562,-8482,0
5834295,-8482,0
5836034,-8482,0
5837770,-8482,0
5839512,-8482,0
5841244,-8482,0
5842982,-8482,0
5844719,-8482,0
5846461,-8482,0
5848197,-8482,0
5849935,-8482,0
5851667,-8482,0
5853407,-8482,0
5855139,-8482,0
5856877,-8482,0
5858614,-8482,0
5860354,-8482,0
5862087,-8482,0
5863824,-8482,0
5865562,-8482,0
5867301,-8482,0
5869035,-8482,0
5870773,-8482,0
5872510,-8482,0
5874247,-8482,0
5875980,-8482,0
5877722,-8482,0
5879459,-8482,0
5881200,-8482,0
5882933,-8482,0
5884670,-8482,0
5886405,-8482,0
5888143,-8482,0
5889875,-8482,0
5891616,-8482,0
5893349,-8482,0
5895087,-8482,0
5896820,-8482,0
5898562,-8482,0
5900295,-8482,0
5902034,-8482,0
5903770,-8482,0
5905511,-8482,0
5907244,-8482,0
5908981,-8482,0
5910718,-8482,0
5912460,-8482,0
5914197,-8482,0
5915934,-8482,0
5917667,-8482,0
5919406,-8482,0
5921139,-8482,0
5922876,-8482,0
5924614,-8482,0
5926353,-8482,0
5928085,-8482,0
5929823,-8482,0
5931561,-8482,0
5933300,-8482,0
5935034,-8482,0
5936774,-8482,0
5938511,-8482,0
5940248,-8482,0
5941981,-8482,0
5943722,-8482,0
5945460,-8482,0
5947201,-8482,0
5948934,-8482,0
5950671,-8482,0
5952406,-8482,0
5954143,-8482,0
5955876,-8482,0
5957616,-8482,0
5959350,-8482,0
5961087,-8482,0
5962820,-8482,0
5964562,-8482,0
5966296,-8482,0
5968034,-8482,0
5969770,-8482,0
5971511,-8482,0
5973244,-8482,0
5974981,-8482,0
5976718,-8482,0
5978460,-8482,0
5980197,-8482,0
5981934,-8482,0
5983667,-8482,0
5985406,-8482,0
5987139,-8482,0
5988876,-8482,0
5990614,-8482,0
5992353,-8482,0
5994085,-8482,0
5995823,-8482,0
5997561,-8482,0
5999300,-8482,0
6001034,-8482,0
6002774,-8482,0
6004511,-8482,0
6006248,-8482,0
6007981,-8482,0
6009723,-8482,0
6011460,-8482,0
6013201,-8482,0
6014934,-8482,0
6016671,-8482,0
6018406,-8482,0
6020143,-8482,0
6021876,-8482,0
6023616,-8482,0
6025350,-8482,0
6027087,-8482,0
6028820,-8482,0
6030562,-8482,0
6032295,-8482,0
6034034,-8482,0
6035770,-8482,0
6037511,-8482,0
6039244,-8482,0
6040982,-8482,0
6042719,-8482,0
6044460,-8482,0
6046197,-8482,0
6047935,-8482,0
6049667,-8482,0
6051407,-8482,0
6053139,-8482,0
6054877,-8482,0
6056614,-8482,0
6058353,-8482,0
6060085,-8482,0
6061823,-8482,0
6063561,-8482,0
6065300,-8482,0
6067034,-8482,0
6068774,-8482,0
6070511,-8482,0
6072248,-8482,0
6073981,-8482,0
6075723,-8482,0
6077460,-8482,0
6079202,-8482,0
6080934,-8482,0
6082672,-8482,0
6084406,-8482,0
6086144,-8482,0
6087876,-8482,0
6089616,-8482,0
6091349,-8482,0
6093087,-8482,0
6094819,-8482,0
6096562,-8482,0
6098296,-8482,0
6100034,-8482,0
6101770,-8482,0
6103510,-8482,0
6105242,-8482,0
6106980,-8482,0
6108717,-8482,0
6110458,-8482,0
6112195,-8482,0
6113933,-8482,0
6115665,-8482,0
6117405,-8482,0
6119137,-8482,0
6120875,-8482,0
6122612,-8482,0
6124351,-8482,0
6126084,-8482,0
6127822,-8482,0
6129560,-8482,0
6131299,-8482,0
6133033,-8482,0
6134772,-8482,0
6136509,-8482,0
6138247,-8482,0
6139979,-8482,0
6141721,-8482,0
6143458,-8482,0
6145200,-8482,0
6146933,-8482,0
6148670,-8482,0
6150405,-8482,0
6152142,-8482,0
6153875,-8482,0
6155616,-8482,0
6157349,-8482,0
6159087,-8482,0
6160820,-8482,0
6162562,-8482,0
6164295,-8482,0
6166034,-8482,0
6167770,-8482,0
6169512,-8482,0
6171244,-8482,0
6172982,-8482,0
6174719,-8482,0
6176461,-8482,0
6178198,-8482,0
6179936,-8482,0
6181668,-8482,0
6183408,-8482,0
6185141,-8482,0
6186878,-8482,0
6188613,-8482,0
6190352,-8482,0
6192084,-8482,0
6193822,-8482,0
6195560,-8482,0
6197299,-8482,0
6199033,-8482,0
6200772,-8482,0
6202509,-8482,0
6204246,-8482,0
6205979,-8482,0
6207721,-8482,0
6209458,-8482,0
6211199,-8482,0
6212932,-8482,0
6214669,-8482,0
6216404,-8482,0
6218142,-8482,0
6219875,-8482,0
6221616,-8482,0
6223350,-8482,0
6225087,-8482,0
6226820,-8482,0
6228562,-8482,0
6230295,-8482,0
6232034,-8482,0
6233770,-8482,0
6235511,-8482,0
6237244,-8482,0
6238982,-8482,0
6240719,-8482,0
6242461,-8482,0
6244197,-8482,0
6245935,-8482,0
6247667,-8482,0
6249407,-8482,0
6251140,-8482,0
6252877,-8482,0
6254613,-8482,0
6256352,-8482,0
6258084,-8482,0
6259822,-8482,0
6261560,-8482,0
6263299,-8482,0
6265033,-8482,0
6266772,-8482,0
6268509,-8482,0
6270246,-8482,0
6271979,-8482,0
6273721,-8482,0
6275458,-8482,0
6277200,-8482,0
6278932,-8482,0
6280670,-8482,0
6282404,-8482,0
6284142,-8482,0
6285874,-8482,0
6287616,-8482,0
6289350,-8482,0
6291087,-8482,0
6292820,-8482,0
6294562,-8482,0
6296295,-8482,0
6298034,-8482,0
6299770,-8482,0
6301512,-8482,0
6303244,-8482,0
6304982,-8482,0
6306719,-8482,0
6308461,-8482,0
6310197,-8482,0
6311935,-8482,0
6313667,-8482,0
6315407,-8482,0
6317139,-8482,0
6318877,-8482,0
6320614,-8482,0
6322354,-8482,0
6324087,-8482,0
6325824,-8482,0
6327562,-8482,0
6329301,-8482,0
6331035,-8482,0
6332772,-8482,0
6334509,-8482,0
6336247,-8482,0
6337979,-8482,0
6339721,-8482,0
6341458,-8482,0
6343200,-8482,0
6344933,-8482,0
6346670,-8482,0
6348405,-8482,0
6350142,-8482,0
6351875,-8482,0
6353616,-8482,0
6355349,-8482,0
6357087,-8482,0
6358820,-8482,0
6360562,-8482,0
6362296,-8482,0
6364034,-8482,0
6365770,-8482,0
6367512,-8482,0
6369244,-8482,0
6370982,-8482,0
6372719,-8482,0
6374461,-8482,0
6376197,-8482,0
6377935,-8482,0
6379667,-8482,0
6381407,-8482,0
6383139,-8482,0
6384877,-8482,0
6386614,-8482,0
6388354,-8482,0
6390087,-8482,0
6391824,-8482,0
6393563,-8482,0
6395301,-8482,0
6397036,-8482,0
6398773,-8482,0
6400510,-8482,0
6402247,-8482,0
6403980,-8482,0
6405722,-8482,0
6407459,-8482,0
6409201,-8482,0
6410934,-8482,0
6412671,-8482,0
6414406,-8482,0
6416143,-8482,0
6417876,-8482,0
6419616,-8482,0
6421350,-8482,0
6423087,-8482,0
6424820,-8482,0
6426562,-8482,0
6428296,-8482,0
6430034,-8482,0
6431770,-8482,0
6433511,-8482,0
6435244,-8482,0
6436982,-8482,0
6438719,-8482,0
6440461,-8482,0
6442198,-8482,0
6443935,-8482,0
6445668,-8482,0
6447407,-8482,0
6449140,-8482,0
6450878,-8482,0
6452613,-8482,0
6454352,-8482,0
6456085,-8482,0
6457822,-8482,0
6459561,-8482,0
6461299,-8482,0
6463034,-8482,0
6464773,-8482,0
6466510,-8482,0
6468248,-8482,0
6469980,-8482,0
6471722,-8482,0
6473460,-8482,0
6475201,-8482,0
6476934,-8482,0
6478671,-8482,0
6480406,-8482,0
6482143,-8482,0
6483876,-8482,0
6485616,-8482,0
6487350,-8482,0
6489087,-8482,0
6490820,-8482,0
6492562,-8482,0
6494296,-8482,0
6496034,-8482,0
6497770,-8482,0
6499512,-8482,0